gene,sequence_length
COQ3_1,828
COQ5_1,810
COQ5_2,801
COQ5_3,1179
COQ5_3~~~COQ5_7,786
COQ5_4,795
COQ5_5,1023
COQ5_6,666
COQ5_8,612
OSGEPL1,658
PAD1~~~ubiX,634
PGdx,486
aacA4_2~~~aacA4,489
aaeA,1230
aar,1173
aarA,1290
aat,615
aatA,1203
aatB_1,1233
abfA,1521
abgB,1461
abo_1~~~abo_5~~~abo_6,1949
abo_2,2448
abo_3,2448
abo_4,2421
abo_5,1326
abo_5~~~thiO,1171
accA,954
accD,915
acdA_1,1143
acdA_2,1188
acdA_3,1164
acdA_4,1161
ackA,1179
acnA,2784
acoA,1047
acoR,2001
acpP_3,420
acpS,420
acpXL,282
acr1,804
acrB,3147
acsA_1,1953
acsA_2,1908
acsA_3,1950
acsA_4,1647
acsE,963
actP,2484
acyP,288
ada,1128
addA,3570
ade,1788
adeC_1,1698
adeC_2,1803
adh1,1107
adhC2,1044
adhD,1125
adhT_1,1041
adh_2,1509
adh_2~~~adh_1,1023
adiC,1327
adk,579
aes,936
afr_1,1020
agpA,2082
agpA_1,1903
ahcY,1401
aidB,1653
alaC,1290
alaS_2,750
alaS_2~~~alaS_1,2665
alc,1023
ald2_2,669
aldHT,1434
ald_1,1434
ald_2,1120
algE2,1614
alkA,648
alkB,873
alkJ_3,1596
alkJ_4~~~alkJ_2,1656
allA_1,493
allA_2,513
alsT_3,1452
amiC_1,1293
amiC_2,1167
amiD_1,765
amiD_1~~~amiD_2,1416
amn,1503
ampC,1191
ampR,931
amtB,1356
andAa_1~~~andAa_3,1227
andAa_2~~~andAa_1,1231
anmK,1152
ant1,777
apaG,393
apbC,1155
apnO,828
appA,1860
apsD_1,1029
apt,543
aqpZ,702
aqpZ2_1,687
aqpZ2_1~~~aqpZ2_2,699
araA_1,1428
araA_2~~~araA_1,928
araB_1,1530
araB_3,885
araC_1,1740
araC_2,1725
araC_3,1779
araD,930
araF,985
araH_1,996
araH_2~~~rbsC_13,993
araQ_1,825
araQ_2,849
araQ_3,849
arcA_1~~~arcA_3,924
arcA_2~~~arcA_3,1230
arcB_2~~~arcB,1006
arcC2,975
arfB,435
arg,894
argB,888
argC,933
argD_1,3102
argD_2~~~dgdA,2931
argF,912
argH_1,1467
argH_2,1404
argP_1,921
argS,1758
argT,783
arnB,1326
arnC_2,1281
aroA,1368
aroB,1134
aroC,1098
aroE_1,861
aroE_2,954
aroE_2~~~aroE_3,861
aroH,1374
aroK,579
aroQ,447
arsC_2,480
arsH,726
artI_1,777
artI_2,807
artJ_2,783
artM_3~~~occP_1,768
artQ,660
aruC,1200
aruI,1614
asd2_1,1035
asnB_2,1782
asnC,462
aspC_1,1236
aspC_2,1167
atm1,1884
atpA,1530
atpB,753
atpB_1~~~fliI,1405
atpC,405
atpD,1515
atpE,228
atpF,486
atpG,885
atpH,567
atzC,1194
aviRb,867
azoR,591
azoR1,621
bacC_1,714
bacC_2,762
bacC_2~~~bacC_3,786
bacC_4~~~bacC_1,1282
baeR,723
bamA_1,2331
bamD,867
bamE,507
barA~~~rcsC_11,2281
basR,672
bauA_1,1329
bauA_2,1338
bauC,1497
bcp_1,468
bcr_1,1314
bcr_2,1239
bcr_3,1200
bdcA_2~~~bdcA,747
bdhA,777
bdlA,1782
benM,900
bepA_1,909
bepA_2,1830
bepA_3,1053
bepA_4,810
bepA_5,1494
bepE,3312
bepF_1,1155
bepF_2,1188
bepF_2~~~mdtE,1123
bepG,3234
bepR,651
betA_1,177
betA_2,1650
betB_5~~~betB_3,1527
betC,1539
betI_1,594
betI_2,624
betI_3,615
betI_4~~~betI_1,613
bfr,486
bglA,1415
bhbA,2139
bicA,1488
bigR,318
bioF,1416
bioM,681
bioN,606
bioS,654
bioY,564
birA,768
bkdA1,1233
bkdA2,1014
bkdB,1281
blaP,891
bluB,684
bolA,282
bpoC,810
bpt,817
braC,1174
bshA,1170
bshB1,687
btuB_2~~~btuB_1,2803
btuD_12,1110
btuD_13~~~btuD_4,1803
btuD_14,936
btuD_14~~~ybhF,2754
btuD_15,2088
btuD_15~~~frcA_1~~~frcA_8,925
btuD_17~~~rbsA_11,1513
btuD_18,984
btuD_18~~~btuD_3~~~gsiA_6~~~gsiA_13,1105
btuD_19~~~btuD_3,1107
btuD_2,1029
btuF~~~hmuT,1044
caiD_2,783
caiD_2~~~caiD_1,1072
carA_1,1206
carA_2,1623
carB_1,2013
carD,888
carE,1113
catD,807
catE,891
catI,879
catJ,786
catM,939
cbbA,1080
cbbL,1461
cbbS,390
cbbX,936
cbf2,855
cbpA_1,1056
cbpA_2,921
cckA_2,478
ccmA,624
ccmB,660
ccmC,771
ccmE,453
ccmH,456
ccpA_2,1035
ccpA_2~~~ccpA_6,1023
cdd,459
cdhR_1,948
cdhR_2,990
cdhR_3,972
cdhR_4,1005
cdhR_5~~~cdhR_4,1003
cdhR_6,975
cdhR_7,993
cecR,705
cfa_1,1257
cfa_2,1242
cgtA,1011
chaA,1086
chaC,555
cheA,2277
cheB_3~~~cheB_5~~~cheB_1,3486
cheB_3~~~todT_1~~~todT_3,759
cheB_4~~~cheB_2,1062
cheD,576
cheR,909
cheW_1,465
cheW_2,468
cheW_3,480
cheY_2,366
chpT,663
chvE,1068
cimA,1618
cinA,859
clpA,2574
clpB,2847
clpP_1,588
clpP_2,627
clpP_3,618
clpS,354
clpS2,306
clpX,1278
clsA,1464
clsB,1654
clsC,1566
cmk,639
cmoA,702
cmoB,795
cmpD,801
cmpR_2,942
cnbH_2,1308
cntB,966
cntI,939
coaA_1,621
coaA_2~~~coaA_1,1017
coaBC,1206
coaD,492
coaE,585
cobA,841
cobB,1290
cobD,984
cobH,633
cobI,756
cobJ,765
cobK,801
cobL,1191
cobM,759
cobN,3843
cobO,645
cobP,528
cobQ,1455
cobS,996
cobT,1896
cobU,1017
cobV,789
codA,1335
codA_2,1297
cof,1713
comM,1544
comR_2,612
comR_2~~~comR_4,600
comR_3~~~comR_1,615
corA_1,981
corA_2,990
coxM_1,946
coxN,1782
cpdA_1,711
cpdA_2~~~cpdA_3,807
cpdR_1,363
cpdR_2,360
cph2,1245
cpnA,769
cpoB,1038
cpoB_1,1200
cpo_1,831
cpo_2,828
cpo_3,1002
cpo_5,831
cra,1071
crp,705
crt_1,792
crt_2,780
csaA,342
csbC,1464
csd,1245
cseB,369
cspA_1,210
cspA_2,210
cspA_7,210
cspA_8,204
cspC,216
cspJ,213
ctaA,1104
ctaB,951
ctaC_2,885
ctaC_2~~~ctaC_1,984
ctaD_1,1689
ctaE_1,879
ctaG,597
ctrA,702
cusR,702
cutC,738
cutM_2,798
cutS,489
cyaA,1249
cya_1,1164
cya_3,1191
cycB_1,1233
cycB_2,531
cycM,369
cycY,609
cydB,1005
cymR,534
cynR_1,897
cynR_2,897
cynT,963
cyoA,1188
cyoB,2010
cyoC_2,723
cyoC_2~~~cyoC_1,633
cysA,1038
cysD_1,900
cysD_2,954
cysD_2~~~cysD_1,900
cysE,828
cysH,798
cysK1,969
cysL,897
cysQ_2,801
cysQ_3~~~cysQ_1,840
cysQ_4,777
cysQ_5,825
cysS,1401
cysT,867
cysW_1,876
cysW_2,882
cytR_1,1026
cytR_2,1113
cytR_3,1005
cytR_5,1002
cytR_5~~~ccpA_3,1161
cytR_6,1026
czcD,966
dadA1_1,1242
dadA1_2,1254
dadX,1140
dagK,927
dapA_4,882
dapA_5,885
dapA_5~~~dapA_2,936
dapA_5~~~dapA_3,963
dapA_7~~~dapA_2~~~dapA_1,915
dapD,858
dapE_2,1395
dapE_2~~~dapE_1,1194
dapF,906
dasA,1236
dasB,885
dasC_1,828
dasC_2,867
dasC_3,864
dasC_4,834
dasC_5,825
dasC_6,801
dat_1,909
dauA_1~~~dauA_2,1128
dauA_2,1656
dauR,639
davD_1,1455
davD_1~~~davD_4,1473
davD_2,1533
davD_3,1464
dcd,1098
dctA,1362
dctB_2,1821
dctB_2~~~dctB_1,1926
dctD_2,378
dctD_3,1344
dctD_3~~~norR_2~~~dctD_1,1411
dctM_2,1284
dctM_2~~~dctM_6,1290
dctM_3,1266
dctM_5~~~dctM_1,1281
dctP,996
dddP,1305
ddlB,927
ddmA1,1218
ddpA,1641
ddpC_1,924
ddpC_2,933
ddpC_3,933
ddpF,1005
deaD,1893
decR_1,471
decR_2,465
decR_2~~~decR_3,489
decR_4~~~decR_3,483
def_1,519
def_2,537
degA_2~~~purR_1,1029
degQ_1,1398
degQ_2,1554
degU_1,660
degU_2,648
denD_2,984
denD_2~~~denD_1,984
deoA,1323
deoB,1221
deoC_1,1005
deoR_1,981
deoR_3~~~deoR_2,792
der,1431
des,1071
devR,690
dgoA,639
dgoD_1~~~dgoD_2,1203
dgoD_2~~~dgoD_1,1150
dgoK1_1,921
dgoK1_2,942
dhaA,876
dhaL,642
dhaL2,645
dhfrIII,564
dhmA~~~dhmA_1,1049
dht,1455
dinB_1,1293
dinB_1~~~dinB_3~~~dinB_2,585
dinB_1~~~dinB_4~~~dinB_5~~~dinB_2,1138
dinF,1368
dinG,1155
divK_1,366
divK_2,372
djlA,708
dkgB,828
dksA_1,420
dksA_2~~~dksA_1,493
dld,1422
dlgD~~~yjmC_2,1005
dmdC_2,1797
dme,2313
dmg,2562
dmlR_1,948
dmlR_10,957
dmlR_12~~~dmlR_13,906
dmlR_3,906
dmlR_5,943
dmlR_5~~~dmlR_8,933
dmlR_6,897
dmlR_7,909
dmlR_8~~~dmlR_4,915
dnaA_1,519
dnaA_2,1524
dnaC_2,1500
dnaE1,3510
dnaG,2004
dnaJ_1,618
dnaJ_2,1317
dnaJ_3,726
dnaK_1,1290
dnaK_2,1926
dnaN,1119
dnaX_1,1033
doeA_1,1182
doeA_1~~~doeA_2,1185
doeB_1,1011
doxA_1,318
dppA_2~~~dppA_4,1597
dppA_3,1617
dppA_5,1629
dppA_6,1611
dppA_7~~~dppA_1,1500
dppB_1~~~dppB_8,999
dppB_4,1068
dppB_5,1005
dppC_1,951
dppC_2,909
dppC_4,960
dppD_1,855
dprE1,1327
dsbB,510
dtd3,780
dtnK,1032
dusA,1158
dusB,1029
dut,567
dxr,1176
dxs_1,1383
dxs_1~~~dxs_2,1939
dxs_3,2080
eamB,594
ecfG_1,522
ecfG_2,555
ecfG_3,516
ecfG_4,537
ecfG_5,543
echA8_1,822
echA8_2,774
eda_1,654
eda_2,639
edd,1821
efp,570
egtC,816
ehpR,369
eis_1,498
eis_2,591
eltP,1605
emrA_3,1212
emrA_3~~~emrA_1,1098
emrB_2,1596
emrB_2~~~emrB_1,1653
emrB_3,1590
emrE,342
engB,654
eno,1530
entS_3,1257
entS_4,1593
epi,405
epmA,1053
epsL_1,681
epsL_2,693
eptA,1731
era,930
erpA,330
eryB_1,1515
eryC,939
eryD_1,954
eryD_2,960
eryD_3,948
eryH,768
eryI,438
ettA,1650
exbD,426
exoI,1920
exoK,810
exuR,1050
fabA,516
fabB,1221
fabD,945
fabF_1,1389
fabF_2,1266
fabG2,828
fabG_13,759
fabG_15~~~fabG_1,783
fabG_16,738
fabG_2,885
fabG_3,735
fabG_6,765
fabG_6~~~fabG_10,771
fabG_7,738
fabG_8,780
fabG_9,774
fabH,972
fabI_1,819
fabI_2,807
fabZ,465
fadA_2,1209
fadB,786
fadD,1701
fadJ_2~~~fadB_2,1447
fadJ_2~~~fadJ,2214
fbaA,1044
fbcH,1281
fbcH_2,906
fbp,1050
fcl,1222
fdhC_2,633
fdoG_1,600
fdoH,994
fdoI,687
fdxA,339
fdxB,319
fdxE,321
fecE_1,762
fecE_1~~~fecE_2,801
fecI,558
fecR,1065
ffh,1542
fgd,1050
fgd1,987
fghA_1,831
fghA_2,834
fhs,1734
fhuA_2~~~fhuA_1~~~fhuA_3,2422
fieF,921
fitB_1,414
fixJ_2,615
fixK_1,753
fixK_2~~~fixK_1~~~fixK_4~~~fixK_3,636
fixK_3~~~fixK_4,636
fixK_4~~~fixK_3~~~fixK_2,637
fixL,1518
fixN_1~~~fixN_3,1621
fixP_1~~~petJ~~~ccoP_2,987
fixP_3~~~fixP_2,882
fixX,297
flbT,450
flgC,420
flgF,726
flgG,789
flgH,711
flgI,1116
flhA_1,1128
flhA_1~~~flhA_3,2088
flhA_2,1128
flhB,1083
fliC,966
fliE,336
fliF,1818
fliG,1038
fliP,738
fliY_3,828
fliY_3~~~fliY_1,939
fliY_3~~~fliY_4,819
fmdA,945
fmt_1~~~fmt_2,936
fmt_2~~~fmt_1,939
fni_1,1329
fnr~~~anr,681
folB,372
folD_1,918
folE,615
folK,525
folP,852
fpgS,1344
fpr,814
frcA_2,741
frcA_5~~~frcA_3,804
frcA_6~~~frcA_5,732
frcA_7,738
frcB,1026
frcC,1083
frc~~~yfdE,1162
frlB,1014
frlD,813
frmR,333
frr,561
fruK,1518
fruK_1~~~rbsA_3,1494
fsr,1197
ftcR,672
ftsA,1330
ftsE,625
ftsH_2,1938
ftsI_1,1749
ftsQ,930
ftsW,1155
ftsZ_1,1773
ftsZ_1~~~ftsZ_2,1041
fucA~~~ald2_1,844
fucK_2,1389
fucK_2~~~fucK_1,1473
fucU_2,429
fucU_2~~~fucU_1,495
fur,429
fusA_1,1962
fusA_2,2100
futA1,1044
fzlA,669
fzlC,1686
gabD_1,1476
gabD_1~~~betB_4~~~betB_5,2544
gabD_2~~~gabD_3~~~gabD_1,1497
galE_1,987
galE_1~~~galE_4,981
galE_2,987
gamR_2,732
gamR_2~~~gamR_1,810
gap,1011
garB,1392
garR_1,888
gatA,1503
gatB,1593
gatD,1059
gbpR_1,942
gbpR_1~~~gbpR_2,996
gbsA_1~~~betB_7,1515
gcd,2335
gci_1,1170
gcl,1785
gcvA_1,900
gcvA_11~~~gcvA_5,972
gcvA_12,948
gcvA_2,903
gcvA_3,1044
gcvA_4,1024
gcvA_6,894
gcvA_7,948
gcvA_8,888
gcvH,363
gcvP,2865
gcvT_1,1140
gcvT_3,1134
gdhB~~~gdh_3~~~gdh_4,4789
gdhIV,766
gdh_1,771
gdh_2,795
gdh_3,774
gdx,315
gfa,570
ggt,1746
ghrA_1,960
ghrA_2,924
ghrB,1047
glcB,2301
gldA,1095
glgA1_1,1461
glgA1_1~~~glgA1_2,1443
glgB,2211
glgB_2~~~treZ,1807
glgC,1263
glgX_1,2097
glgX_2~~~glgX_1,1989
glk,1020
glmM,1353
glmS,1023
glmU_1,1617
glmU_2,1371
glnA_1,1296
glnA_2,1410
glnB,339
glnD,2850
glnG,1365
glnH_1~~~glnH_3,885
glnII,1035
glnK,339
glnL,1150
glnM_1,972
glnP_1,664
glnQ_1,786
glnQ_2,723
glnQ_3,777
glnQ_4,756
glnQ_4~~~btuD_1~~~glnQ_6~~~glnQ_5,985
glnT,1308
gloA,591
gloB_1,909
gloB_2,771
gloC,642
glpK,1494
glpR_1,837
glpR_2,786
glpR_3,765
glsA,948
gltD_2,1458
gltI,942
gltR~~~hdfR_3,849
gltX_2,897
gltX_2~~~gltX_1,1527
glxR_1,885
glxR_3,882
glyA2,1296
glyQ,963
glyS,2166
gmk,660
gndA,1431
gnl_2,915
gno_1,750
gno_3,768
gntK,612
gntR~~~purR_2,1057
golD_1,750
golD_2,765
golD_3,726
gph_1,675
gph_2,684
gph_3,666
gph_4,711
gpmA_2,636
gpmA_2~~~gpmA_1,627
gppA_1,1524
gppA_2,1341
gpr,1029
gpsA,1003
gpt,528
gpuA,1059
greA,477
greB,483
groL1_2,1638
groL2,1629
groL5_1,1629
groS1_1,297
groS1_3~~~groS1_4,318
groS5,315
group_10,3180
group_1000,849
group_1001,849
group_1004,846
group_1005,846
group_1007,843
group_1008,843
group_1009,843
group_1010,843
group_1015,840
group_1017,837
group_1018,837
group_1019,837
group_102,1872
group_1023,834
group_1024,834
group_1025,834
group_1028,831
group_1029,831
group_1030,831
group_1032,831
group_1036,828
group_1037,828
group_1038,828
group_1039,828
group_1040,825
group_1041,825
group_1045,822
group_1046,822
group_1048,822
group_1054,819
group_1055,819
group_1056,819
group_1061,816
group_1062,816
group_1064,816
group_1067,813
group_1068,813
group_1070,813
group_1071,813
group_1072,813
group_1073,813
group_1080,810
group_1081,810
group_1082,810
group_1083,810
group_1084,810
group_1085,810
group_1086,810
group_109,1827
group_1094,804
group_1095,804
group_1096,804
group_1097,804
group_1099,801
group_1107,798
group_1108,798
group_1109,798
group_111,1818
group_1110,795
group_1111,795
group_1112,795
group_1113,795
group_1114,795
group_112,1815
group_1120,792
group_1121,792
group_1122,792
group_1123,792
group_1129,789
group_113,1815
group_1130,789
group_1131,789
group_1135,786
group_1136,786
group_1137,786
group_114,1815
group_1141,783
group_1142,783
group_1143,783
group_1150,780
group_1151,780
group_1157,777
group_1166,774
group_1168,774
group_1169,774
group_117,1803
group_1172,771
group_1173,771
group_1175,771
group_1176,771
group_1177,771
group_1178,771
group_1182,768
group_1183,768
group_1187,765
group_1194,762
group_1195,762
group_1196,762
group_1199,759
group_1201,759
group_1211,753
group_1213,753
group_1215,753
group_122,1770
group_1223,750
group_1227,750
group_1228,747
group_1229,747
group_1231,744
group_1232,744
group_1233,744
group_1234,744
group_1241,741
group_1242,741
group_1249,738
group_1250,738
group_1255,735
group_1256,735
group_1259,732
group_126,1737
group_1260,732
group_1261,732
group_1262,732
group_1263,732
group_1270,729
group_1272,729
group_1273,729
group_1275,729
group_1278,726
group_1279,726
group_1280,726
group_1283,726
group_1284,726
group_1290,723
group_1291,723
group_1292,723
group_1299,720
group_130,1725
group_1304,717
group_1305,717
group_1307,717
group_131,1725
group_1314,714
group_1319,711
group_132,1722
group_1320,711
group_1321,711
group_1326,708
group_1327,708
group_1329,708
group_133,1722
group_1335,705
group_1336,705
group_1337,705
group_1343,702
group_1344,702
group_1348,702
group_1352,700
group_1353,699
group_1354,699
group_1355,699
group_1358,696
group_1359,696
group_136,1710
group_1367,693
group_1376,690
group_1377,690
group_1378,690
group_1379,687
group_1381,687
group_1386,684
group_1387,684
group_139,1695
group_1392,681
group_1400,678
group_1401,678
group_1403,678
group_1404,678
group_141,1683
group_1414,675
group_1415,675
group_142,1671
group_1421,672
group_1422,672
group_1425,669
group_1428,669
group_143,1665
group_1437,666
group_1438,666
group_1440,666
group_1441,666
group_1445,663
group_1446,663
group_1447,663
group_1451,660
group_1452,660
group_1453,660
group_1454,660
group_1455,660
group_1456,660
group_1460,657
group_1471,651
group_1472,651
group_1481,648
group_1482,648
group_1486,645
group_1487,645
group_1488,645
group_1489,645
group_1490,645
group_1497,642
group_1498,642
group_150,1647
group_1500,642
group_1501,642
group_1502,642
group_1503,642
group_1506,639
group_1508,639
group_1513,636
group_1514,636
group_1515,636
group_1516,636
group_1517,636
group_152,1641
group_1526,633
group_1534,630
group_1535,630
group_1536,630
group_1540,627
group_1541,627
group_1543,627
group_1549,624
group_1550,624
group_1551,621
group_1552,621
group_1553,621
group_1554,621
group_1556,621
group_1557,621
group_1568,618
group_1569,618
group_1570,618
group_1575,615
group_1577,615
group_1579,615
group_1580,615
group_1585,609
group_1586,609
group_1587,609
group_1588,609
group_1589,609
group_1593,606
group_1594,606
group_1601,603
group_1608,600
group_1609,600
group_161,1617
group_1610,600
group_1611,600
group_162,1614
group_1621,597
group_1622,597
group_1632,594
group_1633,594
group_1634,594
group_1635,594
group_164,1608
group_1640,591
group_1641,591
group_1642,591
group_1643,591
group_1648,588
group_1649,588
group_1650,588
group_1658,585
group_1659,585
group_1660,585
group_1672,582
group_1673,582
group_1674,582
group_1675,582
group_1680,579
group_1681,579
group_1682,579
group_1683,579
group_1684,579
group_1691,576
group_1692,576
group_1693,576
group_1697,573
group_1698,573
group_1699,573
group_1700,573
group_1702,570
group_1705,570
group_1716,567
group_1717,567
group_1718,567
group_1728,564
group_1729,564
group_1730,564
group_1732,564
group_1741,561
group_1742,561
group_1743,561
group_1744,561
group_1746,561
group_1756,558
group_1758,558
group_1759,558
group_176,1581
group_1767,555
group_1768,555
group_1769,555
group_1779,552
group_1780,552
group_1781,552
group_1782,552
group_1783,552
group_1784,552
group_1785,552
group_1786,552
group_1792,549
group_1794,549
group_1802,546
group_1803,546
group_1804,546
group_1811,543
group_1812,543
group_1818,540
group_1819,540
group_1820,540
group_1821,540
group_1822,540
group_1823,540
group_1824,540
group_1825,540
group_1833,537
group_1834,537
group_184,1563
group_1840,534
group_1843,534
group_1844,534
group_1845,534
group_1850,531
group_1851,531
group_1852,531
group_1854,531
group_1855,531
group_1859,528
group_186,1557
group_1867,525
group_187,1554
group_1873,522
group_1874,522
group_1875,522
group_1881,519
group_1882,519
group_1883,519
group_1885,519
group_1886,519
group_1888,516
group_1889,516
group_1892,513
group_1893,513
group_1900,510
group_1901,510
group_1902,510
group_1905,507
group_1909,507
group_1910,507
group_1912,507
group_1915,504
group_1916,504
group_1917,504
group_1918,504
group_1919,504
group_1920,504
group_1921,504
group_1927,501
group_1928,501
group_1929,501
group_193,1548
group_1930,501
group_1931,501
group_1932,501
group_1933,501
group_1938,498
group_1939,498
group_1940,498
group_1941,498
group_1947,495
group_1948,495
group_1949,495
group_195,1527
group_1956,492
group_1957,492
group_1958,492
group_1959,492
group_1966,489
group_1967,489
group_1968,489
group_1973,486
group_1974,486
group_1976,486
group_1977,486
group_1984,483
group_1985,483
group_1986,483
group_1987,483
group_1988,483
group_199,1518
group_1996,480
group_1997,480
group_1998,480
group_1999,480
group_20,2913
group_2010,477
group_2011,477
group_2012,477
group_2013,477
group_202,1515
group_2020,474
group_2021,474
group_2023,474
group_2024,474
group_2025,474
group_2026,474
group_2027,474
group_2034,471
group_2035,471
group_2036,471
group_2044,468
group_2045,468
group_2046,468
group_2047,468
group_2048,468
group_2049,468
group_205,1506
group_2056,465
group_2057,465
group_2059,465
group_206,1506
group_2060,465
group_2061,465
group_2067,462
group_2068,462
group_2069,462
group_207,1506
group_2070,462
group_2071,462
group_2072,462
group_2073,462
group_2074,462
group_2087,459
group_2093,456
group_2094,456
group_2095,456
group_2096,456
group_2097,456
group_2098,456
group_2101,456
group_2113,453
group_2114,453
group_2116,453
group_2129,450
group_2137,447
group_2138,447
group_2139,447
group_214,1491
group_2140,447
group_2141,447
group_2142,447
group_2143,447
group_2144,447
group_2145,447
group_2158,444
group_2159,444
group_2161,444
group_2162,444
group_2163,444
group_2164,444
group_217,1485
group_2176,441
group_2177,441
group_2178,441
group_2179,441
group_2180,441
group_2181,441
group_2182,441
group_2183,441
group_2188,438
group_2189,438
group_219,1482
group_2190,438
group_2191,438
group_2192,438
group_22,2880
group_2200,435
group_2201,435
group_2202,435
group_2203,435
group_2204,435
group_2205,435
group_2208,432
group_2209,432
group_2210,432
group_2211,432
group_2222,429
group_2223,429
group_2224,429
group_223,1473
group_2234,426
group_2235,426
group_2236,426
group_2238,426
group_2239,426
group_2248,423
group_2249,423
group_225,1464
group_2250,423
group_2251,423
group_2252,423
group_2255,423
group_2262,420
group_2263,420
group_2264,420
group_2265,420
group_2266,420
group_2269,417
group_2271,417
group_2272,417
group_2279,414
group_228,1443
group_2280,414
group_2281,414
group_2282,414
group_2283,414
group_2289,411
group_229,1443
group_2290,411
group_2291,411
group_2292,411
group_2293,411
group_2294,411
group_2295,411
group_2302,408
group_2303,408
group_2304,408
group_2312,405
group_2313,405
group_2314,405
group_2315,405
group_2318,405
group_2319,405
group_232,1440
group_2320,405
group_2330,402
group_2331,402
group_2332,402
group_2333,402
group_234,1440
group_2340,399
group_2341,399
group_2343,399
group_2344,399
group_235,1437
group_2354,396
group_2355,396
group_2356,396
group_2357,396
group_2358,396
group_2368,393
group_2374,390
group_2375,390
group_2376,390
group_2377,390
group_2378,390
group_238,1425
group_2387,387
group_2389,387
group_2390,387
group_2391,387
group_2392,387
group_2393,387
group_2394,387
group_2395,387
group_2396,387
group_2397,387
group_24,2841
group_2406,384
group_2407,384
group_2408,384
group_2409,384
group_241,1419
group_2423,381
group_2424,381
group_2425,381
group_2426,381
group_2427,381
group_2428,381
group_243,1419
group_2430,381
group_2439,378
group_2440,378
group_2441,378
group_2443,378
group_2444,378
group_2445,378
group_245,1416
group_2459,375
group_246,1413
group_2461,375
group_2462,375
group_2463,375
group_247,1413
group_2470,372
group_2471,372
group_2472,372
group_2490,369
group_2493,369
group_2495,369
group_2496,369
group_2497,369
group_2498,369
group_25,2658
group_250,1410
group_2509,366
group_2510,366
group_2527,363
group_2528,363
group_2529,363
group_2530,363
group_254,1407
group_2541,360
group_2542,360
group_2543,360
group_2547,360
group_2548,360
group_255,1407
group_2559,357
group_2560,357
group_2561,357
group_2567,354
group_2568,354
group_2569,354
group_2571,354
group_2572,354
group_2574,354
group_258,1404
group_2587,351
group_2588,351
group_2589,351
group_259,1401
group_2598,348
group_2599,348
group_26,2646
group_260,1401
group_2600,348
group_2603,348
group_2611,345
group_2612,345
group_2613,345
group_2614,345
group_262,1398
group_2624,342
group_2626,342
group_2627,342
group_2628,342
group_2633,339
group_2634,339
group_2635,339
group_2637,339
group_2638,339
group_264,1386
group_2648,336
group_2649,336
group_265,1386
group_2650,336
group_2651,336
group_2652,336
group_266,1386
group_2665,333
group_2666,333
group_2667,333
group_267,1383
group_2677,330
group_2678,330
group_2679,330
group_2680,330
group_2694,327
group_2695,327
group_27,2631
group_270,1371
group_2706,324
group_2707,324
group_2708,324
group_271,1371
group_2721,321
group_2722,321
group_2723,321
group_2724,321
group_2735,318
group_2736,318
group_2738,318
group_2739,318
group_2747,315
group_2749,315
group_275,1362
group_2750,315
group_2765,312
group_2766,312
group_2767,312
group_2777,309
group_2778,309
group_2779,309
group_2789,306
group_279,1359
group_2791,306
group_2792,306
group_2793,306
group_2794,306
group_2795,306
group_2796,306
group_2797,306
group_2808,303
group_2809,303
group_2810,303
group_2811,303
group_2824,300
group_2826,300
group_283,1356
group_2841,297
group_2842,297
group_2843,297
group_2858,294
group_2859,294
group_286,1350
group_2860,294
group_2861,294
group_2862,294
group_287,1350
group_2871,291
group_2873,291
group_2874,291
group_2876,291
group_2880,291
group_2899,288
group_29,2619
group_2900,288
group_2902,288
group_291,1338
group_2912,285
group_2914,285
group_2916,285
group_2917,285
group_2933,282
group_2934,282
group_2935,282
group_2936,282
group_2937,282
group_2938,282
group_2939,282
group_294,1335
group_295,1332
group_2952,279
group_296,1329
group_2965,276
group_2966,276
group_2967,276
group_2969,276
group_2970,276
group_2972,276
group_2973,276
group_2985,273
group_2986,273
group_2987,273
group_2998,270
group_2999,270
group_3000,270
group_3001,270
group_3002,270
group_3003,270
group_3004,270
group_3005,270
group_301,1323
group_3017,267
group_3018,267
group_3019,267
group_3020,267
group_3021,267
group_3033,264
group_3035,264
group_3036,264
group_3037,264
group_3038,264
group_3039,264
group_305,1317
group_3053,261
group_3054,261
group_3055,261
group_3057,261
group_3058,261
group_3059,261
group_306,1317
group_3081,258
group_3082,258
group_3083,258
group_3084,258
group_3085,258
group_3086,258
group_309,1314
group_310,1314
group_3101,255
group_3102,255
group_3103,255
group_3104,255
group_3105,255
group_3106,255
group_3107,255
group_3108,255
group_312,1311
group_3127,252
group_3128,252
group_3129,252
group_3130,252
group_3131,252
group_3132,252
group_3133,252
group_3134,252
group_3135,252
group_3151,249
group_3152,249
group_3154,249
group_3155,249
group_317,1305
group_3170,246
group_3171,246
group_3172,246
group_3177,246
group_318,1302
group_3188,243
group_3189,243
group_3191,243
group_3192,243
group_3194,243
group_32,2526
group_3200,243
group_3208,240
group_3209,240
group_321,1299
group_3210,240
group_3211,240
group_3212,240
group_3213,240
group_322,1296
group_323,1293
group_3232,237
group_3233,237
group_3235,237
group_3236,237
group_324,1293
group_325,1293
group_3250,234
group_3252,234
group_3253,234
group_3255,234
group_3256,234
group_3258,234
group_327,1290
group_3270,231
group_3279,228
group_328,1290
group_3280,228
group_3284,228
group_3296,225
group_3298,225
group_33,2523
group_3318,222
group_332,1281
group_3320,222
group_333,1281
group_3331,219
group_3333,219
group_3334,219
group_335,1278
group_3354,216
group_3356,216
group_3358,216
group_3371,213
group_3373,213
group_3374,213
group_3375,213
group_3376,213
group_3377,213
group_338,1275
group_339,1275
group_3393,210
group_3394,210
group_3398,210
group_340,1272
group_341,1272
group_3416,207
group_3417,207
group_3418,207
group_3419,207
group_3421,207
group_3423,207
group_3438,204
group_3439,204
group_344,1269
group_3440,204
group_3441,204
group_345,1269
group_3460,201
group_3461,201
group_3462,201
group_3478,198
group_3479,198
group_3480,198
group_3481,198
group_3483,198
group_349,1266
group_3495,195
group_3498,195
group_350,1266
group_3500,195
group_3513,192
group_3515,192
group_3516,192
group_352,1263
group_353,1263
group_3533,189
group_3538,189
group_3539,189
group_354,1263
group_3541,189
group_3542,189
group_3555,186
group_3556,186
group_3557,186
group_3558,186
group_3559,186
group_3560,186
group_3577,183
group_3579,183
group_3580,183
group_3581,183
group_3590,180
group_3591,180
group_3593,180
group_3606,177
group_3607,177
group_3608,177
group_3609,177
group_3629,174
group_3630,174
group_3631,174
group_3632,174
group_3633,174
group_3634,174
group_3643,171
group_3644,171
group_3645,171
group_366,1248
group_3662,168
group_3664,168
group_3675,165
group_3676,165
group_3677,165
group_3678,165
group_3679,165
group_3683,162
group_3684,162
group_3687,162
group_3688,162
group_3689,162
group_369,1245
group_3698,159
group_3699,159
group_370,1245
group_3707,156
group_3709,156
group_3710,156
group_3724,153
group_3725,153
group_373,1242
group_3736,150
group_3738,150
group_3745,147
group_3752,144
group_3753,144
group_376,1239
group_3764,141
group_3765,141
group_3766,141
group_3767,141
group_377,1239
group_3775,138
group_378,1239
group_379,1239
group_3791,132
group_380,1239
group_3807,126
group_3817,123
group_3818,123
group_3819,123
group_382,1236
group_3821,123
group_383,1233
group_3837,117
group_385,1233
group_3853,111
group_386,1233
group_3860,108
group_3869,105
group_3878,102
group_3898,96
group_39,2367
group_390,1230
group_3906,93
group_3907,93
group_391,1230
group_394,1224
group_395,1224
group_398,1221
group_3980,1197
group_399,1218
group_3996,408
group_4,3792
group_40,2361
group_400,1218
group_4004,408
group_4006,408
group_4009,408
group_401,1218
group_4011,1926
group_4016,876
group_402,1218
group_4025,1038
group_403,1218
group_4049,1164
group_4051,1164
group_4056,1164
group_407,1215
group_408,1215
group_4090,297
group_4092,1647
group_4102,930
group_4103,750
group_413,1212
group_4159,153
group_4160,1902
group_4165,324
group_4166,726
group_4168,435
group_419,1206
group_420,1206
group_423,1203
group_424,1203
group_430,1200
group_4305,369
group_4308,1425
group_4309,546
group_431,1200
group_4311,348
group_4313,399
group_4314,2160
group_4315,594
group_4316,543
group_4318,714
group_4319,444
group_4321,2070
group_4322,216
group_4323,820
group_4324,1215
group_4326,1473
group_4327,415
group_4329,288
group_4330,843
group_4331,372
group_4332,222
group_4334,1233
group_4335,859
group_4336,687
group_4337,429
group_4338,339
group_434,1197
group_4342,880
group_4343,234
group_4345,538
group_4346,1936
group_4348,708
group_4349,1294
group_4351,753
group_4352,646
group_4353,1170
group_4354,471
group_4355,1036
group_4356,696
group_4359,1449
group_436,1197
group_4360,309
group_4361,528
group_4362,645
group_4363,3259
group_4364,1227
group_4365,708
group_4367,666
group_4372,760
group_4373,1368
group_4374,549
group_4376,1038
group_4378,577
group_4379,700
group_4381,719
group_4382,396
group_4383,426
group_4384,702
group_4385,1225
group_4386,969
group_4387,2325
group_4388,246
group_4389,486
group_439,1194
group_4393,1431
group_4395,480
group_4397,687
group_4398,670
group_4399,396
group_44,2322
group_440,1194
group_4401,892
group_4404,381
group_4405,319
group_4406,171
group_4407,909
group_4409,606
group_4411,975
group_4413,279
group_4414,935
group_4415,747
group_4417,753
group_4419,496
group_4420,453
group_4421,987
group_4426,640
group_4429,559
group_4430,1488
group_4431,804
group_4432,1570
group_4434,964
group_4435,1038
group_4436,825
group_4439,730
group_4440,981
group_4441,1326
group_4443,961
group_4446,540
group_4447,1352
group_4448,615
group_4449,1099
group_445,1188
group_4450,847
group_4451,1161
group_4452,588
group_4453,441
group_4456,582
group_4457,1422
group_4459,150
group_446,1188
group_4460,891
group_4462,366
group_4463,228
group_4465,589
group_4466,933
group_447,1188
group_4470,1303
group_4471,1164
group_4472,745
group_4473,435
group_4474,573
group_4476,1149
group_4477,858
group_4478,789
group_448,1188
group_4480,987
group_4481,297
group_4482,603
group_4483,522
group_4485,465
group_4486,1464
group_4487,837
group_4490,675
group_4491,391
group_4493,1251
group_4494,1017
group_4496,906
group_4498,694
group_45,2319
group_450,1185
group_4501,1204
group_4502,1042
group_4504,528
group_4505,1140
group_4506,1410
group_4508,1671
group_4509,709
group_451,1185
group_4510,486
group_4511,570
group_4512,552
group_4513,480
group_4514,202
group_4515,891
group_4516,478
group_4517,562
group_4519,787
group_452,1185
group_4520,552
group_4521,1290
group_4523,1005
group_4524,807
group_4525,1842
group_4526,846
group_4527,1030
group_4528,1551
group_4530,879
group_4531,1009
group_4532,792
group_4533,1047
group_4534,210
group_4539,1003
group_4541,1111
group_4543,1564
group_4545,330
group_4546,892
group_4547,162
group_4549,1902
group_455,1179
group_4551,2121
group_4553,300
group_4554,102
group_4555,1312
group_4556,991
group_4557,491
group_4563,963
group_4567,144
group_4569,1722
group_4570,1027
group_4571,1422
group_4574,970
group_4576,1495
group_4577,770
group_4579,1023
group_4580,399
group_4581,783
group_4582,1305
group_4590,1323
group_4593,585
group_4594,670
group_4595,624
group_4596,213
group_4598,1133
group_4599,129
group_46,2310
group_460,1176
group_4603,2826
group_4607,1170
group_4608,606
group_461,1176
group_4610,1086
group_4611,240
group_4614,796
group_4615,351
group_4616,567
group_4617,510
group_4618,1054
group_4621,750
group_4623,213
group_4624,1062
group_4625,1083
group_4628,921
group_4629,417
group_4630,654
group_4631,528
group_4633,852
group_4636,1191
group_4638,1473
group_4639,750
group_4640,1306
group_4642,924
group_465,1173
group_4651,1957
group_4652,345
group_4654,1046
group_4655,960
group_4659,2082
group_466,1173
group_4660,994
group_4661,2838
group_4664,942
group_4665,780
group_4667,1134
group_4668,502
group_4669,123
group_4670,969
group_4671,735
group_4674,993
group_4677,1471
group_4678,865
group_4679,498
group_4680,592
group_4681,805
group_4682,183
group_4685,892
group_4686,649
group_4688,243
group_4692,567
group_4693,1134
group_4694,1113
group_4696,1272
group_4697,621
group_470,1170
group_4700,393
group_4701,2040
group_4702,693
group_4707,762
group_4709,411
group_4710,1596
group_4711,669
group_4712,856
group_4713,3621
group_4715,677
group_4716,946
group_4717,1068
group_472,1167
group_4720,1566
group_4721,1395
group_4722,966
group_4724,666
group_4727,327
group_4728,1788
group_473,1164
group_4730,876
group_4735,529
group_4737,327
group_4742,606
group_4744,627
group_4745,667
group_4746,1234
group_4747,789
group_475,1161
group_4750,1291
group_4755,1033
group_4757,852
group_4759,522
group_4761,787
group_4762,2077
group_4764,1105
group_4765,669
group_4769,1539
group_477,1158
group_4770,1774
group_4772,499
group_4773,192
group_4774,919
group_4778,1260
group_4779,1576
group_478,1158
group_4781,897
group_4783,1026
group_4784,814
group_4785,1197
group_4788,316
group_4793,430
group_4794,1416
group_4795,555
group_4796,1194
group_4800,309
group_4801,600
group_4802,416
group_4804,408
group_4815,405
group_4817,372
group_4818,502
group_4822,882
group_4823,1488
group_4825,123
group_4826,942
group_4828,1282
group_4832,474
group_4839,1081
group_4840,870
group_4841,363
group_4848,729
group_4850,1503
group_4851,1015
group_4852,1190
group_4853,724
group_4856,997
group_4857,1609
group_4859,903
group_4860,1006
group_4861,775
group_4862,343
group_4863,741
group_4864,489
group_4866,1662
group_4868,330
group_4869,631
group_487,1149
group_4870,510
group_4871,1257
group_4873,888
group_4874,423
group_4878,1005
group_4881,891
group_4882,1383
group_4885,454
group_4886,807
group_4890,420
group_4893,324
group_4894,2089
group_4898,351
group_4900,714
group_4901,454
group_4907,517
group_491,1146
group_4910,589
group_4911,474
group_4912,1227
group_4913,352
group_4914,907
group_4917,984
group_492,1146
group_4920,441
group_4921,255
group_4923,561
group_4924,330
group_4928,1125
group_4930,1344
group_4931,421
group_4932,793
group_4944,375
group_4948,618
group_4954,426
group_4958,1006
group_4959,750
group_496,1143
group_4960,1410
group_4966,132
group_4969,360
group_497,1143
group_4970,289
group_4971,141
group_4974,429
group_4976,582
group_4977,254
group_4981,438
group_4983,792
group_4984,1482
group_4985,1023
group_4986,672
group_499,1140
group_4990,427
group_4993,1761
group_4995,720
group_4998,424
group_5,3618
group_500,1140
group_5000,1329
group_5004,1863
group_5010,798
group_5012,1197
group_5013,981
group_5015,843
group_5018,405
group_5019,1735
group_502,1137
group_5021,249
group_5023,1854
group_5025,621
group_5027,156
group_503,1137
group_5030,477
group_5031,300
group_5032,1014
group_5034,1563
group_5035,297
group_5039,462
group_5041,187
group_5047,147
group_5049,826
group_5051,1260
group_5052,360
group_5057,252
group_506,1134
group_5060,894
group_5061,1108
group_5062,267
group_5067,807
group_507,1134
group_5074,330
group_5080,1689
group_5082,399
group_5089,412
group_5090,261
group_5093,147
group_5097,402
group_5099,378
group_51,2217
group_510,1131
group_5102,495
group_5105,744
group_5108,174
group_5109,342
group_511,1131
group_5113,1278
group_5117,649
group_5122,376
group_5124,1402
group_5129,237
group_513,1131
group_5157,598
group_516,1128
group_5163,210
group_5164,1209
group_5171,306
group_5174,477
group_5175,1257
group_5176,267
group_5178,897
group_5180,288
group_5183,1518
group_5185,1560
group_5187,609
group_519,1125
group_5192,596
group_5197,963
group_52,2211
group_5205,499
group_5209,96
group_522,1122
group_523,1119
group_524,1119
group_5244,1650
group_525,1119
group_5254,2142
group_5255,2121
group_5259,1230
group_5262,1842
group_5264,1794
group_5267,1760
group_5268,1791
group_5271,513
group_5278,1584
group_5288,591
group_5299,1297
group_530,1113
group_5302,1404
group_531,1113
group_5311,1071
group_5318,511
group_5319,916
group_532,1113
group_5324,990
group_5332,1005
group_5333,1049
group_5346,822
group_5347,360
group_535,1107
group_536,1107
group_5361,1254
group_5362,738
group_5366,651
group_5367,1206
group_5369,540
group_537,1107
group_5370,312
group_5379,486
group_538,1104
group_539,1104
group_5390,381
group_5392,414
group_5402,150
group_5411,802
group_5427,510
group_5429,576
group_543,1101
group_5430,336
group_545,1101
group_5452,396
group_5464,1236
group_5473,1227
group_5476,207
group_5477,204
group_5478,596
group_5480,909
group_5481,954
group_5484,1434
group_5485,213
group_5489,393
group_5490,339
group_5491,706
group_5494,1215
group_5496,1656
group_5498,417
group_5504,1044
group_5505,183
group_5509,1149
group_5511,450
group_5512,1270
group_5513,606
group_5514,331
group_5516,372
group_5519,855
group_5520,471
group_5526,648
group_5527,990
group_5529,540
group_5532,1113
group_5535,777
group_5536,2229
group_5538,648
group_554,1095
group_5540,438
group_5541,390
group_5542,597
group_5543,1251
group_555,1095
group_5551,1581
group_5552,810
group_5555,681
group_5559,2034
group_5560,738
group_5561,399
group_5563,1866
group_5564,1047
group_5565,1287
group_5567,1029
group_5569,150
group_557,1092
group_5570,321
group_5575,852
group_5579,1359
group_558,1092
group_5581,933
group_5587,270
group_5588,303
group_5590,1002
group_5595,915
group_5597,354
group_5598,189
group_5599,603
group_5600,192
group_5602,402
group_5603,1062
group_5608,171
group_5612,345
group_5614,492
group_5619,906
group_562,1089
group_5620,831
group_5622,531
group_5623,414
group_5624,1596
group_5625,1170
group_5626,597
group_5627,604
group_5629,1251
group_563,1089
group_5630,210
group_5634,1146
group_5636,525
group_5637,315
group_5639,471
group_564,1089
group_5640,459
group_5642,369
group_5645,1666
group_5647,636
group_5648,294
group_5649,279
group_565,1089
group_5652,732
group_5653,654
group_5654,303
group_5655,945
group_5659,1434
group_5663,1888
group_5666,552
group_5667,633
group_5671,978
group_5673,913
group_5675,1134
group_5679,222
group_568,1086
group_5681,1083
group_5685,212
group_5687,786
group_569,1086
group_5692,471
group_5700,168
group_5714,603
group_5721,420
group_5723,174
group_5725,1092
group_5729,884
group_573,1086
group_5733,274
group_5736,309
group_5737,303
group_5739,600
group_574,1083
group_5740,384
group_5741,216
group_5743,753
group_5744,189
group_5750,2109
group_5753,727
group_5754,381
group_5757,504
group_576,1083
group_5760,177
group_5762,123
group_5767,405
group_577,1083
group_5771,814
group_5772,468
group_5773,1230
group_5783,732
group_5784,249
group_579,1083
group_5804,420
group_5818,6270
group_5819,3631
group_5820,144
group_5822,906
group_5824,1191
group_5825,843
group_5828,222
group_5829,375
group_5832,1405
group_5833,1359
group_5835,1174
group_5838,1284
group_5839,525
group_584,1080
group_5841,1224
group_5842,267
group_5844,237
group_5849,375
group_585,1080
group_5853,657
group_5855,993
group_5856,1392
group_5857,1026
group_5858,1092
group_586,1080
group_5860,255
group_5862,1950
group_5864,762
group_587,1080
group_5876,552
group_5877,336
group_5878,1443
group_5879,330
group_5883,1158
group_5884,213
group_5885,276
group_5889,1120
group_5893,144
group_5894,339
group_5896,1575
group_5900,270
group_5901,456
group_5904,1191
group_5905,1162
group_5906,741
group_5908,297
group_591,1077
group_5911,387
group_5912,327
group_5915,451
group_5918,807
group_5920,1476
group_5925,390
group_5929,681
group_5931,198
group_5933,276
group_5934,216
group_5948,642
group_5949,1875
group_5950,1854
group_5951,192
group_5953,501
group_5964,759
group_5969,696
group_597,1074
group_5974,1011
group_5976,615
group_5977,1149
group_598,1074
group_5983,972
group_5984,291
group_5986,1032
group_599,1074
group_6007,393
group_6009,381
group_6016,192
group_6017,267
group_602,1071
group_603,1071
group_6031,225
group_6033,1221
group_6037,1569
group_6039,184
group_6055,633
group_6057,372
group_6059,813
group_606,1068
group_6062,504
group_6069,540
group_6072,724
group_6074,936
group_6082,715
group_6083,846
group_6084,288
group_609,1065
group_6095,198
group_610,1065
group_6108,288
group_611,1065
group_6110,732
group_6113,741
group_612,1065
group_6122,480
group_6131,939
group_6132,2202
group_614,1062
group_6144,607
group_6145,126
group_6148,447
group_6151,168
group_616,1059
group_6165,315
group_6166,657
group_617,1059
group_6171,388
group_620,1056
group_6200,927
group_6201,303
group_6209,246
group_621,1056
group_6212,213
group_622,1056
group_6227,1440
group_6234,966
group_6247,450
group_6260,726
group_6271,969
group_6284,183
group_6286,1002
group_6295,738
group_6307,411
group_6337,457
group_6343,612
group_6348,1434
group_636,1044
group_637,1044
group_638,1044
group_639,1044
group_640,1044
group_644,1041
group_645,1041
group_6452,3357
group_648,1038
group_649,1038
group_65,2070
group_651,1038
group_653,1035
group_654,1035
group_655,1035
group_656,1035
group_658,1032
group_662,1029
group_663,1029
group_664,1029
group_667,1026
group_669,1023
group_670,1023
group_672,1023
group_680,1017
group_681,1017
group_682,1017
group_688,1014
group_692,1011
group_693,1011
group_694,1011
group_695,1011
group_698,1008
group_702,1005
group_703,1005
group_706,1002
group_707,1002
group_708,1002
group_709,1002
group_712,999
group_713,999
group_714,996
group_715,996
group_716,996
group_721,993
group_722,993
group_723,993
group_724,993
group_725,993
group_728,990
group_73,2016
group_731,987
group_732,987
group_737,984
group_738,984
group_739,984
group_740,984
group_741,984
group_743,981
group_744,981
group_745,981
group_746,981
group_748,978
group_749,978
group_751,978
group_752,978
group_756,975
group_757,975
group_758,975
group_76,2004
group_766,969
group_767,969
group_769,969
group_77,1998
group_776,963
group_78,1998
group_780,960
group_781,960
group_782,960
group_784,960
group_787,957
group_789,957
group_79,1995
group_790,957
group_796,954
group_797,954
group_798,954
group_799,954
group_80,1989
group_803,951
group_807,948
group_808,948
group_809,948
group_810,948
group_813,945
group_814,945
group_815,945
group_818,942
group_819,942
group_820,942
group_821,942
group_822,942
group_827,939
group_828,939
group_829,936
group_831,936
group_834,933
group_835,930
group_836,930
group_840,927
group_841,927
group_842,927
group_843,927
group_845,924
group_846,924
group_848,924
group_85,1950
group_853,921
group_854,921
group_856,921
group_857,921
group_861,918
group_865,915
group_866,915
group_87,1941
group_870,915
group_875,909
group_876,909
group_881,906
group_882,906
group_883,906
group_884,906
group_887,906
group_890,903
group_891,903
group_892,903
group_893,903
group_897,900
group_898,900
group_899,900
group_904,897
group_91,1920
group_911,894
group_913,891
group_914,891
group_915,891
group_92,1917
group_922,888
group_923,888
group_924,888
group_925,888
group_927,888
group_93,1914
group_934,885
group_935,885
group_937,885
group_938,885
group_939,885
group_942,882
group_948,879
group_949,879
group_950,879
group_951,879
group_952,879
group_957,876
group_958,876
group_959,876
group_960,876
group_961,876
group_962,873
group_963,870
group_964,870
group_968,867
group_970,867
group_972,867
group_976,864
group_977,864
group_983,858
group_984,858
group_989,855
group_99,1896
group_990,855
group_995,852
group_996,852
grpE,627
grxC,285
grxD,336
gshAB,1788
gshB_2,948
gsiA_1,1893
gsiA_11~~~gsiA_4,1641
gsiA_12,1653
gsiA_13~~~gsiA_2~~~gsiA_8~~~gsiA_1~~~gsiA_5,1680
gsiA_3,1647
gsiA_5,1629
gsiA_6,1632
gsiA_9,1704
gsiC_1,948
gsiC_13,951
gsiC_15,936
gsiC_2,915
gsiC_3,969
gsiC_3~~~gsiC_12,936
gsiC_5,1110
gsiC_5~~~gsiC_10,945
gsiC_6,921
gsiC_7,927
gsiD_10~~~ddpC_4,828
gsiD_2,819
gsiD_3,897
gsiD_4,882
gsiD_6,918
gsiD_9,822
gst,627
gstB_1,606
gstB_2,622
gtaB_2,888
guaA,1563
guaB,1503
guaD_2,1344
gudX,1248
gutB,993
gyrA,2796
gyrB_1,2061
gyrB_2,2436
hadL,669
hbpA_4,1566
hcaB_1,903
hcaB_3,876
hcaB_4,849
hcaB_5,2100
hcaB_6~~~hcaB_2,1074
hcaC,339
hcaT,1224
hchA_1,693
hchA_2,840
hcrA_1,2367
hcr_1,1101
hcr_2,1065
hdfR_1~~~hdfR_7,1023
hdfR_2,846
hdfR_6,966
hdlIVa,663
hdlIVa_1~~~dehH2,705
hemA,1215
hemB,1014
hemC,930
hemE,1032
hemF,981
hemH,1020
hemS,1062
hemW,1182
hexR_2,891
hexR_3~~~hexR_1,864
hflK,1089
hflX,1398
hfq,243
higA1,309
higB1,297
hilA,1518
hipO_2,1170
hipO_3,1164
hipO_3~~~hipO_1,1170
hisB,609
hisC_3,1056
hisC_4,1107
hisC_4~~~hisC_1~~~hisC_3,1003
hisC_5~~~hisC_2,1257
hisD,1305
hisE,324
hisF,777
hisG,696
hisH,651
hisI,454
hisN,780
hisQ_1,804
hisQ_2,726
hisZ,1140
hldD_1,843
hldD_3,2631
hlyB~~~ltxB,1611
hlyU,345
hmgA,1362
hmo~~~lldD_2,1098
hmp_3~~~hmp_2,1512
hmrR_2,414
hmuU_1,1068
hmuU_1~~~hmuU_2,1119
hmuV,789
hndA,480
hom,1323
hpaC,528
hpcH,801
hpd,1114
hpf,573
hppA,2137
hprK,447
hpt,546
hpyO,1467
hrcA,1080
hrp1,441
hrpB,2592
hslO,993
hslR,645
hslU,1308
hslV,558
hspQ,330
hsrA_2,1413
hss,1536
htpG,1899
htpX,960
hupB,273
hutH_2,1500
hutH_2~~~hutH_1,1746
hutI,1248
hutU,1680
hxpA,675
hyi,816
hypBA1,1924
hyuA_1,726
hyuA_2,660
hyuC_1,1245
hyuC_2,1251
ibpA_1~~~ibpA_3,480
ibpA_2,432
ibpA_3,462
icd_1,1215
icl,1290
iclR,870
idhA,993
idnD_2~~~idnD_1,1059
ihfA,339
ihfB,312
ilvC,1020
ilvD,1839
ilvE_1,882
ilvE_2,1098
ilvG,1647
ilvH,573
ilvI,1779
infA,219
infB,2670
infC,432
iolB,801
iolC,1953
iolE_1,903
iolE_1~~~iolE_2,1054
iolG_1,1161
iolG_10,1185
iolG_11~~~iolG_4,1132
iolG_12,2034
iolG_14~~~iolG_16,1026
iolG_2,1098
iolG_5,987
iolG_6,1065
iolG_6~~~iolG_9,1101
iolG_7,1074
iolG_8,1077
iolS,987
iorA_1,459
iorA_2,465
iorB_1,2214
iorB_1~~~iorB_3,2244
ipsA,996
ipuC,1365
iscA,393
iscS,1168
isdG,315
ispB,1197
ispDF,1305
ispE,907
ispG,1254
ispH2~~~ispH,1054
kamA_1,1053
katA,1485
katE,2118
katG,2185
kbl,1188
kbp,474
kdgK_1,936
kdgK_2,918
kdgR_1,783
kdpC,570
kdpE,693
kdsB,753
kdsD_1,990
kdsD_2,1011
kduD_2,765
kduD_3,759
kduI,849
kduI1,843
kefG,813
kipR,861
klcA,424
kpsM_2~~~kpsM_1,777
ku_2,819
kup_2,1902
laaA,912
lacE,1275
lacF_1,1017
lacF_2,945
lacF_3,897
lacF_5~~~lacF_4,1085
lacF_7,948
lacG,819
lcdH,1491
lcfB,1548
ldc,1140
lemA,549
lepA,1827
lepB,744
lerK,1719
leuA,1710
leuB_1,1113
leuB_2~~~ttuC,1083
leuC,1410
leuD,606
lexA_3,657
lfrA_1,1545
lfrA_2,1467
lgoD,1017
lgoR,879
lgt,843
lhgD,1248
lig,1614
ligC,1068
ligE,690
linC,756
linX,804
lipA,969
lipB,774
livF_1,696
livF_3,708
livF_4,702
livF_5~~~livF_2,717
livH_2,891
livH_3,903
livH_4,897
livH_5,882
livK,1173
livQ,1509
lldD_3,1146
lldR,756
lldR_2~~~nanR_3,801
lnrL_1,729
lnt,1813
lolD_1,681
lolD_2,687
lolD_3,720
lolE_1,1242
lolE_2,1314
lon,2421
lon2,681
lpd,1446
lpd3,1407
lpdV,1395
lptA,561
lptB_1,753
lptB_2,765
lptB_3,741
lptB_4,813
lptD,2346
lpxC,954
lpxD,1065
lpxH,846
lpxK,1041
lpxL,924
lrpC,438
lrp_1,495
lrp_2,462
lrp_3,471
lrp_4,432
lrp_5,480
lrp_6,465
lrp_9,477
lspA,501
lsrB_1,1035
lsrB_2,993
lsrB_3,1002
lsrB_4,990
lsrC_1,1032
lsrC_2,981
lsrC_3,1020
lsrD_1,1014
lsrD_3,1005
lsrF,843
lsrG,315
lsrK,1564
ltaE,1047
ltnD_1,906
lutA,1365
lutR_1,750
lutR_10,726
lutR_1~~~lutR_5,724
lutR_3,732
lutR_4,717
lutR_6,693
lutR_6~~~lutR_7~~~lutR_5,784
lutR_8,699
lutR_9~~~lutR_2,702
luxA,990
luxR,741
lysA~~~lysA_1,1365
lysDH,1104
lysN,1227
lysS,1539
maa,552
macA_1,1023
macA_1~~~macA_2,1282
macA_3,1104
macB,1993
maiA_1,786
mak,897
malK_10,1083
malK_2~~~btuD_16,1075
malK_3,1134
malK_4~~~malK_1,1113
malK_6,1002
malK_6~~~malK_9~~~malK_2~~~malK_11,1177
malK_8,1089
malK_9,1011
malK_9~~~malK_5,1086
malL_2,1656
malP,2466
malT,789
malT_2~~~degU_1,697
map_1,750
map_2,840
mauC,318
mazG,834
mcbR_1,693
mcbR_3,681
mcbR_4,675
mcl2,903
mdeA,1284
mdh_1,1146
mdtA_2,1419
mdtA_2~~~mdtA_1,1197
mdtC_1~~~mdtC_2,3199
mdtI,327
mdtJ,345
mdtK,1404
mdtL,1204
melA_1,1473
melA_2,1374
melD_1,903
melD_2,936
melD_3,909
melD_4,879
melD_5,939
melE,1302
melR,1080
menB~~~paaG,1008
menE~~~menE_2,1497
menF,2190
menH_1,1125
mepA,1068
metAA,996
metB,1167
metC,1188
metF,942
metG,1551
metH_1,699
metI,666
metK,1281
metN,1077
metQ,777
metZ,1185
mfd,3510
mftE,793
mglA_1,1542
mglA_4~~~mglA_6,1656
mglA_5~~~mglA_3~~~araG_3,1508
mglA_6~~~mglA_3,1515
mglA_7,1536
mglA_8,1536
mgsA,381
mgtE,1422
mhqD,603
mhqD_1,604
mhqO,458
mhqO_1~~~mhqE,934
miaA,909
miaB,1419
minC,750
minD,816
minE,264
mlaF,810
mltC,540
mltG,1200
mmcO~~~mmcO_2,1423
mmgB,873
mmpA,1125
mmsB,897
mngR,735
mnhE1,486
mnmA,1197
mnmC_1~~~mnmC_2,1170
mnmC_2~~~mnmC_1,648
mnmE,1320
mnmG,1872
mntB_1,855
mntB_2,858
moaA_1~~~moaA,1212
moaB,544
moaC,495
moaE,468
mobB,525
modA,786
modB,693
moeA,1221
moeZ,765
motA,879
moxF_1,1806
mprB,1399
mprF,2607
mqnB,639
mraY,1101
mraZ,441
mrcA_1,2454
mro,1020
mrpD_1,1566
mrpG_1,351
mrpG_2,366
msbA_2,1852
msbA_3~~~msbA_1,1806
mscL,429
mshA_1,1092
mshA_10,1056
mshA_10~~~mshA_9,1152
mshA_10~~~mshA_9~~~mshA_2,2683
mshA_11,1023
mshA_12,1032
mshA_13,1245
mshA_15~~~mshA_6~~~mshA_5,1098
mshA_9,1299
mshA_9~~~mshA_8,1239
mshD,813
msiK,1089
msmE,1260
msmX_1,1098
msmX_1~~~msmX_2,1092
msmX_3,1071
msrA,654
msrA2,597
msrA3,507
msrB_1,408
msrB_2,495
msrB_3,444
msrP_1,720
msuE,558
mtaB,1276
mtgA_2,2235
mtgA_3,2304
mtgA_4,789
mtgB_2,1545
mtgB_3,1575
mtgB_4,1545
mtlK_2,1485
mtlK_2~~~mtlK_1,1476
murA,1293
murB,975
murD,1392
murE,1461
murF,1434
murG~~~murG_1,1189
murI,834
murQ,897
murR,903
murU,732
mutL,1818
mutM,906
mutS,2751
nadB,1599
nadC,900
nadE_1,1005
nadE_2,1683
nadK,774
nagC_1,1212
nagC_4,1179
nagK_2~~~nagC_3,1353
nagL_1,612
nagL_2,654
nagR_1,825
nagR_3,744
nagZ,1035
naiP,1314
nanA,900
nanK,1230
nanR_1,765
nanR_1~~~lutR_9,780
nanR_2,735
nanR_4,714
nanR_5,771
nanR_6,702
nanT_1,1890
nanT_2~~~nanT_1,1292
napB,477
napC_1,702
napD,288
napF,501
narL,636
narT,1275
ndhB_3,1761
ndhB_4,1464
ndhB_4~~~nuoL,1996
ndhC_1,366
ndhC_1~~~ndhC_2,459
ndhI,567
ndhJ,564
ndhS_1,486
ndk,423
ndmD,1767
ndvA,1851
nemA_1,1122
nemA_2,1080
nepI_1,1206
nfdA_1,1986
nfuA,567
ngcF,867
ngcG_1,813
ngcG_2,831
ngcG_3,942
ngcG_4,840
ngcG_5,888
ngcG_7,849
nhhA,642
nicA,498
nicB_2~~~nicB_3~~~nicB_1,2241
nicS_1,663
nicS_2,678
nifA,1626
nifD_1,1503
nifK_1,1542
nifK_2,1326
nikA_1,1509
nikA_2~~~nikA_1,1665
nit1,858
nnr,1485
noc_1,1062
noc_3~~~noc_2,1005
nodA,591
nodD2_1~~~nodD2_4,903
nodD2_3,1023
nodF,282
nodM_1,1827
nodM_1~~~nodM_2,1890
norG,1425
norR~~~atoC,1543
nosD,1362
nosF,954
nosY,828
novR,792
nqo1_1,1305
nqo2_2,507
nqo3,2082
nqo4,1215
nqo5,606
nqo6,504
nqrF_1,1674
nrdR,474
nreC,723
nrsF,712
nrtA_2,1293
nspC,1098
nsrR_1,465
nsrR_2,507
nthB,660
nth_2~~~nth,843
nudC,981
nudG,408
nudK,597
nudL,633
nuoB,579
nuoD,1191
nuoH_1,1044
nuoH_2,987
nuoI,492
nuoJ_1,691
nuoJ_2,501
nuoK_1,309
nuoK_1~~~nuoK_2,303
nuoM_1,1512
nuoN,1443
nusA,1629
nusB,483
nusG,531
nylA~~~amiB2,1378
oat2,1242
occP_2,774
occR_1,906
ocd,1068
odh,1081
ogt_2,873
ogt_2~~~ogt_1,552
ohrB_1,423
ohrB_2~~~ohrB_3,417
ohrR_2,477
oiaK,1331
oiaX,1257
olsG,603
ompR_2,738
ompR_3,702
ompR_3~~~ompR_1,699
ompR_4,660
oppA,1599
oppB,925
oppD_2,984
oppD_3,834
oppD_3~~~oppD_1~~~oppD_4,1016
oppD_6,987
oppF_2,768
oppF_3,999
oppF_4~~~oppF_1,894
opuAA_1,1047
opuAA_2,828
opuAB,846
oqxB5,3186
osmX,891
osmY,756
otnC,678
otnI,777
otnK,1278
otsA,1392
ousW_2,858
oxyR_1,954
oxyR_3~~~oxyR_1,915
paaA,999
paaB,285
paaC,786
paaD,525
paaE,1077
paaX,921
paaZ_1,462
pabB,1158
pal_2,531
pal_3,1263
panB_1~~~panB_3~~~panB_2,801
panB_2,822
panC,876
paoA_1,624
paoA_2,663
paoA_3,567
paoB_1~~~paoB_5,952
paoB_2,1020
paoB_3~~~paoB_2,984
paoC_3,2292
parA,795
parB,891
parD1,249
pat,549
pbpF,1839
pbuE,1185
pcaB,1056
pcaF,1206
pcaG,615
pcaH,762
pcaR,756
pccB,1534
pccR,1419
pchA,1386
pchB,306
pckA,1611
pcm_2,615
pcm_3,660
pcm_4,672
pcpR_1,927
pcpR_2~~~pcpR_1,924
pcs,726
pctA,2097
pdeA,816
pdhC,1344
pdhR,828
pdtaR,591
pdxA2_1,1047
pdxA2_2,966
pdxH,621
pdxJ,753
pdxY,882
pepA_1,1518
pepA_2,1392
pepF1,1884
pepN,2655
perR_2,423
petA,579
petE,432
pfp,1215
pgdA,879
pgi,1626
pgiA_2~~~pgiA_1,721
pglA,1227
pgm,1629
pgrR_10,954
pgrR_2,897
pgrR_3~~~pgrR_11,951
pgrR_4,900
pgrR_4~~~pgrR_10~~~pgrR_12,1110
pgrR_5,909
pgrR_8~~~pgrR_3,975
pgrR_9,924
pgsA,609
phaA,1182
phaB,726
pheA,855
pheS,1083
phhB,315
phnA,1275
phnC,840
phnG,468
phnH,603
phnI,1107
phnJ,894
phnK,777
phnL,708
phnW_1,1197
phnW_2~~~pucG~~~phnW_1,1360
phnY,1458
phoB_1,684
phoP_1,672
phoU,801
phyR_1,795
phyR_2,798
phzF_1,918
phzF_2,918
phzF_3,873
pip_1~~~pip_2,965
pip_2,891
pitA,558
pksS,1248
pld1,1020
pldB,949
pleC,2328
plsX,1044
plsY,606
pmbA,1347
pncA,600
pncB,1305
pncC,498
pnp,2154
pntAA,1248
pntB,1401
pobA,1173
polS,774
potA_1,1062
potA_2,999
potA_3,1122
potA_4,1062
potA_5,1143
potA_7,1116
potA_8,1080
potA_9~~~btuD_6~~~potA_8,1164
potB_1,855
potB_3,876
potB_6,984
potD_1,1164
potE,1359
potF,1101
potH_1,912
ppa,534
ppdK,2697
pphA_1,660
ppiA,573
pqqB,912
preA,1314
preT~~~gltD_1,1660
prfA,1083
prfB,1029
prfC,1584
priA,2205
prkA,870
prmC_1,735
prmC_2,882
proB,1182
proC_2,819
proC_2~~~proC_1,930
proS,1329
proV,1050
proX,738
prr,1428
prsA,1893
prsD_1,1749
prsE_1,1320
prsE_2~~~prsE_3,1312
prsE_4,1353
prs_1,933
prs_2,747
psd,699
pspA,600
pssM,969
pstB,807
psuG,942
psuK,960
pth,720
ptsJ_1,1437
ptsJ_2,1419
ptsN,465
pucK,1350
pucL,505
pucM_1,364
pucM_2,372
punA,798
purB,1308
purC,765
purD_1,1272
purE,513
purF_1,1491
purF_2,906
purH,1611
purK,1050
purL,2232
purM,1071
purN_1,810
purN_2,663
purQ,672
purR_1,1020
purR_2,1071
purR_2~~~degA_3,1195
purS,243
putA,3702
puuA_1,1368
puuA_2,1437
puuB_1~~~puuB_6,1401
puuB_2,1314
puuB_3,1291
puuB_4,1287
puuB_5,1282
puuD,756
puuE,1269
puuR,549
pyrB,942
pyrC_1,1293
pyrC_2,1044
pyrD,1089
pyrE_1,711
pyrE_2,699
pyrF,706
pyrG,1629
pyrH,723
qmcA,987
qorA_1,978
qorB,888
qseB,678
queA,1083
queC,711
queD,357
queE,738
queG,1164
radA,1404
rafR_2,1073
ramA,781
ramB,1413
rarD,942
ratA,450
rbfA,408
rbsA_1,1527
rbsA_10,1485
rbsA_12,1554
rbsA_12~~~rbsA_4,1542
rbsA_13~~~rbsA_7,1582
rbsA_14,1461
rbsA_2,1512
rbsA_6,1551
rbsA_9~~~rbsA_13,1692
rbsA_9~~~rbsA_8~~~araG_1,1497
rbsB_1,951
rbsB_2,969
rbsB_3,990
rbsB_4,891
rbsB_5,942
rbsB_7,990
rbsB_8,951
rbsC_1,1011
rbsC_10,1032
rbsC_11,987
rbsC_11~~~rbsC_19,1110
rbsC_14,993
rbsC_15,1050
rbsC_18,1008
rbsC_2,1026
rbsC_20,948
rbsC_20~~~rbsC_2~~~rbsC_17,1026
rbsC_21,1992
rbsC_3,996
rbsC_4,999
rbsC_5,963
rbsC_6,1005
rbsC_7,993
rbsC_8,1002
rbsK,900
rbsR,1092
rclR,987
rcsC_10,3507
rcsC_13,924
rcsC_4,2754
rcsC_6,834
rcsC_6~~~rcsC_12,2574
rcsC_7,1536
rdgB,645
recA,1086
recD2_2,1233
recF_1~~~recF,1882
recN,1674
recO,780
recR,607
regA,585
regB,1302
rfbC_2,564
rfbD,828
rfbF_2~~~rfbF_1,807
rfbG,1116
rfnT,1206
rfuC_1,1098
rfuC_2,1134
rfuD,972
rgtA_1~~~rgtA_2,1596
rgtE,1092
rhaM_1,330
rhaM_2,315
rhaR_1,951
rhaR_3,942
rhaR_6,900
rhaR_6~~~rhaR_5,997
rhaR_8,910
rhaR_8~~~rhaR_2,891
rhaR_9~~~rhaR_6~~~rhaR_4,1470
rhaS_1,882
rhaS_1~~~rhaS_5,885
rhaS_2,936
rhaS_5~~~rhaS_3,885
rhaS_7,942
rhlE_1,1515
rhlE_2,1500
rhtB_1,636
rhtB_2,633
rhtB_3,618
rhtB_4,612
rhtB_5,642
rhtB_6,636
rhtC_1~~~rhtC_2,648
rhtC_2,645
ribBA,1101
ribE,621
ribF,984
ribH1,462
ribH2,474
ribN_1,912
ribN_2,954
ribN_3,909
ribN_4,924
ribN_5,882
ribX,870
ridA_1,381
rihA,945
rihB_2,954
rimI,504
rimJ,612
rimM,564
rimP,618
rlmB_2,828
rlmB_2~~~rlmB_1,877
rlmD,1263
rlmE,738
rlmH,483
rlmJ,870
rlmL,1167
rlmN,1237
rlpA_1~~~rlpA_2,1041
rlpA_2,375
rluB,831
rluD,1032
rmlA,882
rna,768
rnc,717
rnd_1,1152
rnd_2,627
rnhA,462
rnhB,651
rnj,1668
rnk_1,408
rnk_1~~~rnk_2,423
rnpA,399
rob,840
rocB,1695
ropA_1,1050
ros_1,432
ros_4~~~ros_5,450
rpaR_2,741
rpaR_3,783
rpaR_4~~~rpaR_1,834
rpe_2,678
rph,720
rpiA,696
rpiB,447
rplA,699
rplB,837
rplC,687
rplD,621
rplE,558
rplF,534
rplI,576
rplK,429
rplL,381
rplM,465
rplN,369
rplO,471
rplP,414
rplQ,426
rplR,363
rplU,372
rplV,390
rplW,294
rplX,312
rplY,615
rpmA,270
rpmB,291
rpmC,201
rpmD,204
rpmE,222
rpmF,186
rpmG,168
rpmI,204
rpmJ,126
rpoA,1011
rpoC,4206
rpoD,2055
rpoH_1,867
rpoH_2,906
rpoN2,1545
rpoZ,408
rppH,528
rpsA,1707
rpsB,768
rpsC,714
rpsD,618
rpsE,570
rpsF,450
rpsG,471
rpsH,399
rpsI,468
rpsJ,309
rpsK,390
rpsL,372
rpsM,369
rpsN,306
rpsO,270
rpsP,375
rpsQ,237
rpsR,249
rpsS,279
rpsT,267
rpsU_1,237
rpsU_2,255
rsfS,492
rsh,2226
rsmA_1,825
rsmA_2,813
rsmB_2,1413
rsmC,1017
rsmD,562
rsmE,738
rsmG,642
rsmH,1110
rsmI,1107
rspR_1,687
rspR_2,711
rspR_3,705
rspR_3~~~rspR_5,693
rspR_6,702
rspR_7,696
rstB~~~sasA_2,1263
rutB_1~~~rutB,651
rutB_2~~~nicF,783
rutC,381
rutE,597
rutR,765
ruvA,618
ruvB,1041
ruvC,513
sasA_1~~~sasA_4,1902
sasA_1~~~sasA_8,3690
sasA_3,1335
sasA_3~~~sasA_7,1365
sasA_4,1482
sasA_6~~~sasA_2,1521
sasA_7,1788
sbmA,1293
sbp_2~~~sbp,1027
scpA,840
scpB_1,721
scrK,927
sctC_2,1401
sctC_2~~~sctC_1,1536
sdaA,1455
sdh,729
sdhA,1842
sdhB,780
sdhC,393
sdpR,324
secA,2712
secB,549
secD,2577
secD_1~~~secDF,2589
secY,1341
selA,1773
selD,1050
selO,1473
serA_1,1596
serA_2~~~ghrB_1,976
serC,1179
serS,1284
sfnC_2~~~sfnC,1212
sfsA,720
sgrR_3,1485
sgrR_3~~~mppA,1624
sgrR_5,1509
siaM_1,1314
siaM_3,1278
siaM_4,1281
siaP_2,975
siaP_3,972
siaP_4,1011
siaT_2,1869
sigF,538
sigJ,858
sigR,555
sir,1674
slyA_1,474
slyA_2,453
slyX,210
smpB,480
sodB,603
sodC,519
soxA_1,1188
soxA_2~~~soxA_3,2995
soxB_2,1332
soxB_3,1254
soxB_3~~~soxB_1,1293
soxD_1,279
soxD_2,342
soxR,486
speB,957
speF,2364
sphX,1035
spuC_2,1386
spuC_3~~~spuC_1,1377
spuC_5,1377
spuD_1,1041
spuE~~~spuD_2,1096
srmB,2541
sseA,864
sspA_1,675
sspA_2,687
ssuA,993
ssuA_2~~~ssuA_1,1329
ssuB_1,771
ssuC_1,846
ssuC_2,828
ssuC_4,864
sthA_2,1404
strE,1041
strE_2~~~hldD_2,936
sucA,3051
sucB_1,1137
sucB_2,1254
sucC,1197
sucD,903
sufB,1470
sufC,756
sufD,1279
sufE,423
sufS,1500
sugA_1,894
sugA_2,987
sugA_3,873
sugA_4,924
sugB_1,876
sugB_2,846
sugB_3,831
sugB_4,858
sugC_1,1153
sugC_2~~~sugC_4,1089
suhB_2,819
suhB_3,801
surA,949
surE,771
sutR,579
syrM1_1~~~syrM1,993
tadA_1,1206
tadA_2,450
tag,636
takP,1109
tal,654
tam_1,729
tam_2,774
tarM~~~pglH,1191
tatA,207
tatB,648
tatC,843
tauA,1020
tauB,813
tcyB_1,663
tcyB_2,681
tdcB_2~~~tdcB_1,1005
tdcF,384
tdh_2,1167
tdk,672
tesB,885
tetA_1,1248
tetR,696
tgnB,1041
tgnC,1465
tgnC_2~~~puuC,1464
tgt,1131
thiB,1029
thiC,1851
thiD,801
thiE_2,654
thiE_2~~~thiE_1,606
thiG,774
thiQ_1,684
thiQ_2,717
thpA,930
thpR,588
thrB_1,981
thrB_2,1050
thyA,795
tig,1476
tilS,1362
tktA_1,2085
tktA_2,1983
tktB,1995
tldD,1416
tlpA,675
tlyA,756
tme,2286
tmk,705
tmoT_1,642
tmpC,993
todT_2,417
tolB,1305
tolQ_1~~~tolQ_2,720
tolR,453
tpiA,771
tqsA,1131
trkA,1377
trkI_2~~~trkI_1~~~trkI,1587
trmB,756
trmD,723
trmFO,1419
trmJ,831
trmL,462
trpA,894
trpB,1221
trpC,816
trpD,1014
trpF,648
trpS,1065
truA,744
truB,936
trxB_1,975
trxB_2,906
tsaD,1098
tsf,924
ttcA,942
ttr,528
ttuD_1,1269
ttuD_2,1368
ttuE,1440
tufA_1,1176
tusA,240
tyrB_1,1170
tyrC,927
tyrS,1254
uacT_1~~~uacT_3,1473
ubiA,957
ubiB,1575
ubiD_1,1383
ubiE,813
ubiG,747
ubiK,288
ubiL_1,1212
ubiL_1~~~ubiL_2,1227
ucpA,780
uctC,1185
udg,861
udh,786
ugpA,882
ugpB_1~~~ugpB_2,1294
ugpC_1,1068
ugpC_10,1071
ugpC_11,1110
ugpC_3,1050
ugpC_4,1029
ugpC_5,1068
ugpC_7,1086
ugpC_8,1113
ugpC_9,1071
ugpC_9~~~ugpC_2,1083
ulaR,813
ung,739
upp,630
uppP,807
uppS,744
ureA,303
ureB1,306
ureD,834
ureE1,465
ureF,672
uspF,423
uup,1842
uvrC,2025
uxaA,1536
uxaC,1410
uxuA,1209
valS,2844
vapB1,261
vapB_2,234
vapC2,405
vapC_1~~~vapC_6,405
vapC_3,426
vapC_4,405
vat_1,615
vat_2,651
ves,594
vibB,681
vioD,1143
virB2_1,300
virB3_1~~~virB3_2,343
virB3_2,327
virB4_2,2370
virB5_1~~~virB5_2,702
virB5_2,684
virB6,936
virB8_1,672
virB9_1,855
virB9_2,882
virD4,1569
waaA,1314
walR,684
wbpA_1,1338
wecC~~~rkpK,1315
xdh,1149
xdhA_1,2337
xdhA_2,2319
xerC_3,993
xerD,936
xlnD,1165
xpkA,2454
xsc,1797
xseA,1581
xseB,252
xthA_1,774
xthA_2,795
xthA_3,792
xthA_4,807
xylA,1311
xylB_1,1434
xylB_4,1455
xylF,1038
xylG_1,1536
xylG_1~~~xylG_2,1528
xylH_1,1356
xylH_2,1215
xynB,1659
xynR_1,786
xypA,930
yabJ_2,390
yabJ_3~~~rutC_2~~~yabJ_1,393
yabJ_3~~~yabJ_4,385
yabJ_4~~~yabJ_3,396
yabJ_5,345
yabJ_6,393
yacG,213
yadG,927
yadH,762
yajC,333
yajO_1,1050
yajO_2,951
ybaA,354
ybaB,399
ybaK,474
ybbJ,456
ybeY,507
ybgC,456
ybhL,738
ybhN,942
ybhR,1113
ybhS,1155
ybjJ~~~ybjJ_1,1191
ycaC_3~~~ycaC_2,644
ycaD_1,1167
ycaD_3,1236
ycaD_5~~~ycaD_2,1185
ycaD_5~~~ycaD_4,1292
ycaD_6,1302
ycbX,852
yccU,429
ycdX,741
yceF,600
yceI,606
yceJ,627
ycf3,924
yciB,633
yciE,507
yciF,492
yciI,294
yciK,741
ycjG,984
ycjO_2,882
ycjO_3,906
ycjO_4,906
ycjP_1,858
ycjP_2,831
ycjX,1500
ycnJ,1626
ydaD,858
ydaP,1818
ydcO,1182
ydcU,951
ydcV_1,831
ydcV_2,792
ydcV_3,816
ydcV_4,819
yddA,1821
yddG,888
ydhP_2,1236
ydhP_2~~~ydhP_1,1194
ydiK_1,1176
ydjA,585
ydjG,915
ydjH_1~~~ydjH_2,993
ydjH_2~~~ydjH_1,936
yecD,669
yecS_2,654
yecS_3,666
yecS_3~~~yecS_4,657
yedJ,676
yedK,832
yeeZ,876
yehW,738
yehZ,918
yejB,1083
yejE,1134
yejF_2,1671
yejF_3,1629
yesO_1,1287
yesO_2,1284
yfcA,747
yfcA_2,1296
yfcG,702
yfcG_2,747
yffB,351
yfhA_1,1044
yfiC,1026
yfiH,795
ygaZ_2,654
ygeA,705
ygfF,753
ygfZ,849
yhaJ,922
yhbO_1,675
yhbO_2,588
yhdE,621
yhdG,1398
yhdN_1,1044
yhdN_1~~~yhdN_2,996
yhdN_3,981
yhdW_1,1026
yhdW_2,1011
yheS_1,1890
yheS_3,1623
yhfA,432
yhgF,2392
yhhQ,639
yhjE_1,1458
yhjE_2,1311
yhjQ,333
yiaD,684
yiaM_1,477
yiaM_1~~~yiaM_2,534
yiaO_2,993
yibF,591
yidD,375
yieH_2,696
yieH_2~~~yieH_1,670
yijE,945
yitJ_1,1092
yitJ_2,1014
yjbI,393
yjgH,399
yjiA_2,990
yjiA_3,1146
yjiA_3~~~yjiA_1,1050
yjiE,943
yjlD,1269
yliI,1191
ymdB,825
ynfE~~~dmsA,2181
ynjB,1227
ynjC,1689
ynjF,612
yofA,873
yphB,889
yqaA,447
yqeY,450
yqfL,822
yqjF_1,420
yqjF_2,438
yqjG,993
yrdA,531
yrrK,498
yteT,1299
ytfE,675
ytfQ_1,963
ytfQ_2,984
yurK,774
ywnA_1,459
yxeN,822
yyaP_1,661
yyaP~~~yyaP_1~~~yyaP_2,547
zapE,1155
zntA,2232
znuA,1023
znuB,828
znuC,909
zur,396
zwf,1477
